gram3_key	count	substr	term_1	term_2	term_3	lemma_1	lemma_2	lemma_3	pos_1	pos_2	pos_3	translation_en
('è_essere_AUX', 'più_più_ADV', 'alta_alto_ADJ')	7	è più alta	è	più	alta	essere	più	alto	AUX	ADV	ADJ	she is taller
('scrivere_scrivere_VERB', 'un_uno_DET', 'libro_libro_NOUN')	7	scrivere un libro	scrivere	un	libro	scrivere	uno	libro	VERB	DET	NOUN	to write a book
"(""quand'_quando_ADV"", 'è_essere_AUX', 'il_il_DET')"	7	quand'è il	quand'	è	il	quando	essere	il	ADV	AUX	DET	when is the (masculine)
('di_di_ADP', 'nuovo_nuovo_ADJ', 'a_a_ADP')	7		di	nuovo	a	di	nuovo	a	ADP	ADJ	ADP	again at
('da_da_ADP', 'parte_parte_NOUN', 'sua_suo_DET')	7	da parte sua	da	parte	sua	da	parte	suo	ADP	NOUN	DET	on his/her part
('ha_avere_AUX', 'riparato_riparare_VERB', 'il_il_DET')	7	ha riparato il	ha	riparato	il	avere	riparare	il	AUX	VERB	DET	he/she repaired the (masculine)
('ho_avere_VERB', 'dei_di_ADP', 'piani_piano_NOUN')	7	ho dei piani	ho	dei	piani	avere	di	piano	VERB	ADP	NOUN	I have some plans
('non_non_ADV', 'era_essere_AUX', 'felice_felice_ADJ')	7	non era felice	non	era	felice	non	essere	felice	ADV	AUX	ADJ	he/she was not happy
('noi_noi_PRON', 'siamo_essere_AUX', 'tutte_tutto_PRON')	7	noi siamo tutte	noi	siamo	tutte	noi	essere	tutto	PRON	AUX	PRON	we are all (feminine plural)
"(""po'_poco_PRON"", 'di_di_ADP', 'pane_pane_NOUN')"	7	po' di pane	po'	di	pane	poco	di	pane	PRON	ADP	NOUN	a bit of bread
('che_che_PRON', 'ha_avere_AUX', 'visto_vedere_VERB')	7	che ha visto	che	ha	visto	che	avere	vedere	PRON	AUX	VERB	that he/she saw
('dica_dire_VERB', 'che_che_SCONJ', 'è_essere_AUX')	7	dica che è	dica	che	è	dire	che	essere	VERB	SCONJ	AUX	say that it is
('in_in_ADP', 'casa_casa_NOUN', 'mia_mio_DET')	7	in casa mia	in	casa	mia	in	casa	mio	ADP	NOUN	DET	in my house
('in_in_ADP', 'questa_questo_DET', 'camera_camera_NOUN')	7	in questa camera	in	questa	camera	in	questo	camera	ADP	DET	NOUN	in this room
('la_il_DET', 'sua_suo_DET', 'lettera_lettera_NOUN')	7	la sua lettera	la	sua	lettera	il	suo	lettera	DET	DET	NOUN	his/her (feminine) letter
('qui_qui_ADV', 'per_per_ADP', 'le_il_DET')	7	qui per le	qui	per	le	qui	per	il	ADV	ADP	DET	here for the (feminine plural)
('non_non_ADV', 'sia_essere_AUX', 'così_così_ADV')	7	non sia così	non	sia	così	non	essere	così	ADV	AUX	ADV	may it not be so
('di_di_ADP', 'essere_essere_AUX', 'pronta_pronto_ADJ')	7	di essere pronta	di	essere	pronta	di	essere	pronto	ADP	AUX	ADJ	to be ready (feminine)
('chiederlo_chiedere_VERB', 'a_a_ADP', 'loro_loro_PRON')	7	chiederlo a loro	chiederlo	a	loro	chiedere	a	loro	VERB	ADP	PRON	to ask them
('dica_dire_VERB', 'che_che_SCONJ', 'non_non_ADV')	7	dica che non	dica	che	non	dire	che	non	VERB	SCONJ	ADV	say that not
('si_si_PRON', 'stia_essere_AUX', 'divertendo_divertire_VERB')	7	si stia divertendo	si	stia	divertendo	si	essere	divertire	PRON	AUX	VERB	he/she is having fun
"(""l'_il_DET"", 'amore_amore_NOUN', 'non_non_ADV')"	7	l'amore non	l'	amore	non	il	amore	non	DET	NOUN	ADV	love does not
('bene_bene_ADV', 'il_il_DET', 'pianoforte_pianoforte_NOUN')	7	bene il pianoforte	bene	il	pianoforte	bene	il	pianoforte	ADV	DET	NOUN	well the piano
('sono_essere_AUX', 'appena_appena_ADV', 'arrivato_arrivare_VERB')	7	sono appena arrivato	sono	appena	arrivato	essere	appena	arrivare	AUX	ADV	VERB	I just arrived
('la_il_DET', 'mia_mio_DET', 'biro_biro_NOUN')	7	la mia biro	la	mia	biro	il	mio	biro	DET	DET	NOUN	my (feminine) pen
('preoccupato_preoccupato_ADJ', 'per_per_ADP', 'la_il_DET')	7	preoccupato per la	preoccupato	per	la	preoccupato	per	il	ADJ	ADP	DET	worried about the (feminine)
('mi_mi_PRON', 'ha_avere_AUX', 'portato_portare_VERB')	7	mi ha portato	mi	ha	portato	mi	avere	portare	PRON	AUX	VERB	he/she brought me
('la_la_PRON', 'riesce_riuscire_VERB', 'a_a_ADP')	7	la	la	riesce	a	la	riuscire	a	PRON	VERB	ADP	he/she manages it to
('è_essere_AUX', 'preoccupata_preoccupare_VERB', 'per_per_ADP')	7	è preoccupata per	è	preoccupata	per	essere	preoccupare	per	AUX	VERB	ADP	she is worried about
"('non_non_ADV', 'è_essere_AUX', ""un'_uno_DET"")"	7	non è un'	non	è	un'	non	essere	uno	ADV	AUX	DET	it is not a (before a vowel; feminine)
('sono_essere_AUX', 'pronta_pronto_ADJ', 'per_per_ADP')	7	sono pronta per	sono	pronta	per	essere	pronto	per	AUX	ADJ	ADP	I am ready (feminine) for
('sulla_su_ADP', 'mia_mio_DET', 'scrivania_scrivania_NOUN')	7	sulla mia scrivania	sulla	mia	scrivania	su	mio	scrivania	ADP	DET	NOUN	on my desk
('è_essere_AUX', 'stato_essere_AUX', 'fatto_fare_VERB')	7	è stato fatto	è	stato	fatto	essere	essere	fare	AUX	AUX	VERB	it has been done
('parlare_parlare_VERB', 'con_con_ADP', 'nessuno_nessuno_PRON')	7	parlare con nessuno	parlare	con	nessuno	parlare	con	nessuno	VERB	ADP	PRON	to talk with anyone
('cosa_cosa_PRON', 'le_le_PRON', 'ha_avere_AUX')	7	cosa le ha	cosa	le	ha	cosa	le	avere	PRON	PRON	AUX	what has he/she to her
('di_di_ADP', 'non_non_ADV', 'parlare_parlare_VERB')	7	di non parlare	di	non	parlare	di	non	parlare	ADP	ADV	VERB	to not speak
('andrà_andare_VERB', 'tutto_tutto_PRON', 'bene_bene_ADV')	7	andrà tutto bene	andrà	tutto	bene	andare	tutto	bene	VERB	PRON	ADV	everything will be fine
"('per_per_ADP', ""l'_il_DET"", 'esame_esame_NOUN')"	7	per l'esame	per	l'	esame	per	il	esame	ADP	DET	NOUN	for the (before a vowel; masculine) exam
('dei_di_ADP', 'miei_mio_DET', 'amici_amico_NOUN')	7	dei miei amici	dei	miei	amici	di	mio	amico	ADP	DET	NOUN	of my (masculine plural) friends
('molto_molto_ADV', 'da_da_ADP', 'fare_fare_VERB')	7	molto da fare	molto	da	fare	molto	da	fare	ADV	ADP	VERB	a lot to do
('sta_stare_AUX', 'facendo_fare_VERB', 'un_uno_DET')	7	sta facendo un	sta	facendo	un	stare	fare	uno	AUX	VERB	DET	he/she is making a
('piace_piacere_VERB', 'così_così_ADV', 'tanto_tanto_ADV')	7	piace così tanto	piace	così	tanto	piacere	così	tanto	VERB	ADV	ADV	likes so much
"('non_non_ADV', ""l'_lo_PRON"", 'abbiamo_avere_AUX')"	7	non l'abbiamo	non	l'	abbiamo	non	lo	avere	ADV	PRON	AUX	we have not it
('i_il_DET', 'miei_mio_DET', 'figli_figlio_NOUN')	7	i miei figli	i	miei	figli	il	mio	figlio	DET	DET	NOUN	my (masculine plural) children
('ho_avere_AUX', 'avuto_avere_VERB', 'un_uno_DET')	7	ho avuto un	ho	avuto	un	avere	avere	uno	AUX	VERB	DET	I had a
('mi_mi_PRON', 'disse_dire_VERB', 'perché_perché_SCONJ')	7	mi disse perché	mi	disse	perché	mi	dire	perché	PRON	VERB	SCONJ	he/she told me why
('io_io_PRON', 'ho_avere_VERB', 'la_il_DET')	7	io ho la	io	ho	la	io	avere	il	PRON	VERB	DET	I have the (feminine)
('stanno_stare_AUX', 'parlando_parlare_VERB', 'di_di_ADP')	7	stanno parlando di	stanno	parlando	di	stare	parlare	di	AUX	VERB	ADP	they are talking about
('non_non_ADV', 'sono_essere_AUX', 'riuscito_riuscire_VERB')	7	non sono riuscito	non	sono	riuscito	non	essere	riuscire	ADV	AUX	VERB	I could not manage
"(""l'_lo_PRON"", 'ho_avere_AUX', 'trovato_trovare_VERB')"	7	l'ho trovato	l'	ho	trovato	lo	avere	trovare	PRON	AUX	VERB	I found it
('è_essere_AUX', 'fatta_fare_VERB', 'di_di_ADP')	7	è fatta di	è	fatta	di	essere	fare	di	AUX	VERB	ADP	it is made of
('piace_piacere_VERB', 'il_il_DET', 'couscous_couscous_NOUN')	7	piace il couscous	piace	il	couscous	piacere	il	couscous	VERB	DET	NOUN	likes couscous
('un_uno_DET', 'negozio_negozio_NOUN', 'di_di_ADP')	7	un negozio di	un	negozio	di	uno	negozio	di	DET	NOUN	ADP	a shop of
('ha_avere_AUX', 'riempito_riempire_VERB', 'il_il_DET')	7	ha riempito il	ha	riempito	il	avere	riempire	il	AUX	VERB	DET	he/she filled the (masculine)
('ho_avere_VERB', 'tempo_tempo_NOUN', 'per_per_ADP')	7	ho tempo per	ho	tempo	per	avere	tempo	per	VERB	NOUN	ADP	I have time for
('il_il_DET', 'figlio_figlio_NOUN', 'di_di_ADP')	7	il figlio di	il	figlio	di	il	figlio	di	DET	NOUN	ADP	the son of
('lavorare_lavorare_VERB', 'fino_fino_ADV', 'a_a_ADP')	7	la	lavorare	fino	a	lavorare	fino	a	VERB	ADV	ADP	to work until
('io_io_PRON', 'non_non_ADV', 'farei_fare_VERB')	7	io non farei	io	non	farei	io	non	fare	PRON	ADV	VERB	I would not do
('sa_sapere_VERB', 'cosa_cosa_PRON', 'sta_stare_AUX')	7	sa cosa sta	sa	cosa	sta	sapere	cosa	stare	VERB	PRON	AUX	he/she knows what is
('per_per_ADP', 'i_il_DET', 'soldi_soldo_NOUN')	7	per i soldi	per	i	soldi	per	il	soldo	ADP	DET	NOUN	for the money
('tornando_tornare_VERB', 'a_a_ADP', 'casa_casa_NOUN')	7	tornando a casa	tornando	a	casa	tornare	a	casa	VERB	ADP	NOUN	returning home
('ho_avere_AUX', 'fatto_fare_VERB', 'per_per_ADP')	7	ho fatto per	ho	fatto	per	avere	fare	per	AUX	VERB	ADP	I did for
('questa_questo_DET', 'scrivania_scrivania_NOUN', 'è_essere_AUX')	7	questa scrivania è	questa	scrivania	è	questo	scrivania	essere	DET	NOUN	AUX	this desk is
('anni_anno_NOUN', 'in_in_ADP', 'meno_meno_ADV')	7	anni in meno	anni	in	meno	anno	in	meno	NOUN	ADP	ADV	years less
('ti_ti_PRON', 'aiuterò_aiutare_VERB', 'a_a_ADP')	7	ti a	ti	aiuterò	a	ti	aiutare	a	PRON	VERB	ADP	I will help you to
('uno_uno_PRON', 'di_di_ADP', 'questi_questo_PRON')	7	uno di questi	uno	di	questi	uno	di	questo	PRON	ADP	PRON	one of these
('so_sapere_VERB', 'chi_chi_PRON', 'ha_avere_AUX')	7	so chi ha	so	chi	ha	sapere	chi	avere	VERB	PRON	AUX	I know who has
('io_io_PRON', 'non_non_ADV', 'riuscivo_riuscire_VERB')	7	io non riuscivo	io	non	riuscivo	io	non	riuscire	PRON	ADV	VERB	I could not
('sono_essere_AUX', 'grata_grata_ADJ', 'per_per_ADP')	7	sono grata per	sono	grata	per	essere	grata	per	AUX	ADJ	ADP	I am grateful (feminine) for
('è_essere_AUX', 'di_di_ADP', 'nuovo_nuovo_ADJ')	7	è di nuovo	è	di	nuovo	essere	di	nuovo	AUX	ADP	ADJ	it is again
('ha_avere_VERB', 'più_più_ADV', 'di_di_ADP')	7	ha più di	ha	più	di	avere	più	di	VERB	ADV	ADP	he/she has more than
('stare_stare_VERB', 'in_in_ADP', 'piedi_piede_NOUN')	7	stare in piedi	stare	in	piedi	stare	in	piede	VERB	ADP	NOUN	to stand up
('loro_loro_PRON', 'di_di_ADP', 'non_non_ADV')	7	loro di non	loro	di	non	loro	di	non	PRON	ADP	ADV	them of not
('nulla_nu_ADV', 'di_di_ADP', 'sbagliato_sbagliato_ADJ')	7	nulla di sbagliato	nulla	di	sbagliato	nu	di	sbagliato	ADV	ADP	ADJ	nothing wrong
"('essere_essere_AUX', ""un'_uno_DET"", 'insegnante_insegnante_NOUN')"	7	essere un'insegnante	essere	un'	insegnante	essere	uno	insegnante	AUX	DET	NOUN	to be a teacher (feminine)
('voi_voi_PRON', 'non_non_ADV', 'avete_avere_AUX')	7	voi non avete	voi	non	avete	voi	non	avere	PRON	ADV	AUX	you (plural) do not have
('di_di_ADP', 'un_uno_DET', 'coltello_coltello_NOUN')	7	di un coltello	di	un	coltello	di	uno	coltello	ADP	DET	NOUN	of a knife
('sta_stare_AUX', 'giocando_giocare_VERB', 'con_con_ADP')	7	sta giocando con	sta	giocando	con	stare	giocare	con	AUX	VERB	ADP	he/she is playing with
"('dietro_dietro_ADP', ""l'_il_DET"", 'albero_albero_NOUN')"	7	dietro l'albero	dietro	l'	albero	dietro	il	albero	ADP	DET	NOUN	behind the tree
('la_il_DET', 'lettera_lettera_NOUN', 'a_a_ADP')	7		la	lettera	a	il	lettera	a	DET	NOUN	ADP	the (feminine) letter to
('la_il_DET', 'mela_mela_NOUN', 'a_a_ADP')	7		la	mela	a	il	mela	a	DET	NOUN	ADP	the apple to
('molto_molto_ADV', 'fiera_fiera_NOUN', 'di_di_ADP')	7	molto fiera di	molto	fiera	di	molto	fiera	di	ADV	NOUN	ADP	very proud (feminine) of
('stiamo_stare_AUX', 'andando_andare_VERB', 'in_in_ADP')	7	stiamo andando in	stiamo	andando	in	stare	andare	in	AUX	VERB	ADP	we are going to
('ha_avere_VERB', 'nulla_nulla_PRON', 'da_da_ADP')	7	ha nulla da	ha	nulla	da	avere	nulla	da	VERB	PRON	ADP	he/she has nothing to
('qui_qui_ADV', 'con_con_ADP', 'me_me_PRON')	7	qui con me	qui	con	me	qui	con	me	ADV	ADP	PRON	here with me
('la_il_DET', 'vostra_vostro_DET', 'insegnante_insegnante_NOUN')	7	la vostra insegnante	la	vostra	insegnante	il	vostro	insegnante	DET	DET	NOUN	your (you (plural); feminine) teacher
('riusciamo_riuscire_VERB', 'ad_a_ADP', 'aiutare_aiutare_VERB')	7	riusciamo ad aiutare	riusciamo	ad	aiutare	riuscire	a	aiutare	VERB	ADP	VERB	we manage to help
('un_uno_DET', 'regalo_regalo_NOUN', 'a_a_ADP')	7		un	regalo	a	uno	regalo	a	DET	NOUN	ADP	a gift to
('un_uno_DET', 'bravo_bravo_ADJ', 'cuoco_cuoco_NOUN')	7	un bravo cuoco	un	bravo	cuoco	uno	bravo	cuoco	DET	ADJ	NOUN	a good cook (masculine)
"('stata_essere_AUX', ""l'_il_DET"", 'ultima_ultimo_ADJ')"	7	stata l'ultima	stata	l'	ultima	essere	il	ultimo	AUX	DET	ADJ	she was the last
('la_il_DET', 'mia_mio_DET', 'matita_matita_NOUN')	7	la mia matita	la	mia	matita	il	mio	matita	DET	DET	NOUN	my (feminine) pencil
"(""po'_poco_PRON"", 'di_di_ADP', 'torta_torta_NOUN')"	7	po' di torta	po'	di	torta	poco	di	torta	PRON	ADP	NOUN	a bit of cake
('arrivata_arrivare_VERB', 'a_a_ADP', 'casa_casa_NOUN')	7	arrivata a casa	arrivata	a	casa	arrivare	a	casa	VERB	ADP	NOUN	arrived home (feminine)
('fino_fino_ADV', 'a_a_ADP', 'casa_casa_NOUN')	7	fino a casa	fino	a	casa	fino	a	casa	ADV	ADP	NOUN	all the way home
('il_il_DET', 'marito_marito_NOUN', 'di_di_ADP')	7	il marito di	il	marito	di	il	marito	di	DET	NOUN	ADP	the husband of
('sono_essere_AUX', 'contento_contento_ADJ', 'che_che_SCONJ')	7	sono contento che	sono	contento	che	essere	contento	che	AUX	ADJ	SCONJ	I am glad that
"('bisogno_bisogno_NOUN', 'di_di_ADP', ""un'_uno_DET"")"	7	bisogno di un'	bisogno	di	un'	bisogno	di	uno	NOUN	ADP	DET	need of a (before a vowel; feminine)
('che_che_SCONJ', 'il_il_DET', 'suo_suo_DET')	7	che il suo	che	il	suo	che	il	suo	SCONJ	DET	DET	that his/her (masculine)
('sembra_sembrare_VERB', 'che_che_SCONJ', 'siano_essere_AUX')	7	sembra che siano	sembra	che	siano	sembrare	che	essere	VERB	SCONJ	AUX	it seems that they are
('la_il_DET', 'tv_tv_NOUN', 'ieri_ieri_ADV')	7	la tv ieri	la	tv	ieri	il	tv	ieri	DET	NOUN	ADV	the tv yesterday
